<ui>
<!--
This is Geany's toolbar UI definition.
The DTD can be found at 
http://library.gnome.org/devel/gtk/stable/GtkUIManager.html#GtkUIManager.description.

You can re-order all items and freely add and remove available actions.
You cannot add new actions which are not listed in the documentation.
Everything you add or change must be inside the /ui/toolbar/ path.

For changes to take effect, you need to restart Geany. Alternatively you can use the toolbar
editor in Geany.

A list of available actions can be found in the documentation included with Geany or
at https://www.geany.org/manual/current/index.html#customizing-the-toolbar.
-->
	<toolbar name='GeanyToolbar'>
		<toolitem action='New' />
		<toolitem action='Open' />
		<toolitem action='Save' />
		<toolitem action='SaveAs' />
		<toolitem action='CloseAll' />
		<toolitem action='Quit' />
		<toolitem action='Preferences' />
		<toolitem action='Undo' />
		<toolitem action='Redo' />
		<toolitem action='Search' />
		<toolitem action='Replace' />
		<toolitem action='ZoomOut' />
		<toolitem action='ZoomIn' />
		<toolitem action='Color' />

	</toolbar>
</ui>
